{"duration": 385, "recall": {"recall": 0.47058823529411764, "matched_queries": 48, "total_queries": 102}, "precision": {"precision": 1.0, "matched_candidates": 28, "total_candidates": 28}, "relevance": {"query_scores": {"0": 0.015118691087124084, "1": 0.0, "2": 0.0, "3": 0.01251232735041861, "4": 0.0, "5": 0.0, "6": 0.0, "7": 0.0, "8": 0.0, "9": 0.0, "10": 0.0, "11": 0.0, "12": 0.027265934623991035, "13": 0.03171532062488126, "14": 0.0, "15": 0.0, "16": 0.0, "17": 0.0, "18": 0.0, "19": 0.0, "20": 0.03425594033469635, "21": 0.0, "22": 0.0, "23": 0.0, "24": 0.06093310448502676, "25": 0.0, "26": 0.0, "27": 0.04562609610206214, "28": 0.06953764595173928, "29": 0.0, "30": 0.0, "31": 0.0, "32": 0.0, "33": 0.0, "34": 0.0, "35": 0.0, "36": 0.0, "37": 0.0, "38": 0.0, "39": 0.0, "40": 0.0, "41": 0.028753344138324737, "42": 0.0, "43": 0.0, "44": 0.0, "45": 0.0, "46": 0.0, "47": 0.0, "48": 0.0, "49": 0.0, "50": 0.0, "51": 0.0, "52": 0.0, "53": 0.0, "54": 0.0, "55": 0.007903283276818529, "56": 0.0, "57": 0.0, "58": 0.0, "59": 0.0, "60": 0.007315679281427637, "61": 0.0, "62": 0.0, "63": 0.009115675791223597, "64": 0.0009118009922067467, "65": 0.0, "66": 0.0, "67": 0.0, "68": 0.008077666250210046, "69": 0.0, "70": 0.0, "71": 0.0, "72": 0.0, "73": 0.0, "74": 0.061482901561612346, "75": 0.025487451349475543, "76": 0.030731467720728718, "77": 0.0, "78": 0.04423986785546423, "79": 0.04272186829815351, "80": 0.002875334413832474, "81": 0.0, "82": 0.05405137139046144, "83": 0.07808628533791655, "84": 0.07650476619572016, "85": 0.03823664782055198, "86": 0.0018714407298645037, "87": 0.0029986614739994344, "88": 0.0008666476117038391, "89": 0.06510819701944484, "90": 0.0713235582898939, "91": 0.0, "92": 0.0, "93": 0.0, "94": 0.0010123761786217616, "95": 0.0, "96": 0.0, "97": 0.0, "98": 0.009551467845395128, "99": 0.07829126759966855, "100": 0.001913910186115929, "101": 0.0}, "average_ndcg": 0.01025880391341937, "weighted_ndcg": 0.010258803913419368, "matched_weighted_ndcg": 0.021799958316016162, "num_queries": 102, "num_queries_with_relevant_references": 33, "k": 10}, "timeliness": {"query_time_scores": {"0": {"start_time_match": 0.34471958139798653, "end_time_match": 1.0, "avg_time_match": 0.41024762325818787}, "1": {"start_time_match": 0.0, "end_time_match": 0.0, "avg_time_match": 0.0}, "2": {"start_time_match": 0.0, "end_time_match": 0.0, "avg_time_match": 0.0}, "3": {"start_time_match": 0.34471958139798653, "end_time_match": 1.0, "avg_time_match": 0.41024762325818787}, "4": {"start_time_match": 0.0, "end_time_match": 0.0, "avg_time_match": 0.0}, "5": {"start_time_match": 0.0, "end_time_match": 0.0, "avg_time_match": 0.0}, "6": {"start_time_match": 0.0, "end_time_match": 0.0, "avg_time_match": 0.0}, "7": {"start_time_match": 0.0, "end_time_match": 0.0, "avg_time_match": 0.0}, "8": {"start_time_match": 0.0, "end_time_match": 0.0, "avg_time_match": 0.0}, "9": {"start_time_match": 0.0, "end_time_match": 0.0, "avg_time_match": 0.0}, "10": {"start_time_match": 0.0, "end_time_match": 0.0, "avg_time_match": 0.0}, "11": {"start_time_match": 0.0, "end_time_match": 0.0, "avg_time_match": 0.0}, "12": {"start_time_match": 0.04843173491799424, "end_time_match": 0.3887635347568377, "avg_time_match": 0.08246491490187859}, "13": {"start_time_match": 0.9805908312024282, "end_time_match": 0.999744032765204, "avg_time_match": 0.9825061513587058}, "14": {"start_time_match": 0.0, "end_time_match": 0.0, "avg_time_match": 0.0}, "15": {"start_time_match": 0.0, "end_time_match": 0.0, "avg_time_match": 0.0}, "16": {"start_time_match": 0.0, "end_time_match": 0.0, "avg_time_match": 0.0}, "17": {"start_time_match": 0.0, "end_time_match": 0.0, "avg_time_match": 0.0}, "18": {"start_time_match": 0.0, "end_time_match": 0.0, "avg_time_match": 0.0}, "19": {"start_time_match": 0.0, "end_time_match": 0.0, "avg_time_match": 0.0}, "20": {"start_time_match": 0.15390434591069066, "end_time_match": 0.013436559046400533, "avg_time_match": 0.13985756722426165}, "21": {"start_time_match": 0.0, "end_time_match": 0.0, "avg_time_match": 0.0}, "22": {"start_time_match": 0.0, "end_time_match": 0.0, "avg_time_match": 0.0}, "23": {"start_time_match": 0.0, "end_time_match": 0.0, "avg_time_match": 0.0}, "24": {"start_time_match": 0.9422016137225822, "end_time_match": 0.217035140665852, "avg_time_match": 0.8696849664169092}, "25": {"start_time_match": 0.0, "end_time_match": 0.0, "avg_time_match": 0.0}, "26": {"start_time_match": 0.0, "end_time_match": 0.0, "avg_time_match": 0.0}, "27": {"start_time_match": 0.3196195169986677, "end_time_match": 0.9994241658561542, "avg_time_match": 0.38759998188441636}, "28": {"start_time_match": 0.9987048394453205, "end_time_match": 0.5205527766530544, "avg_time_match": 0.9508896331660939}, "29": {"start_time_match": 0.0, "end_time_match": 0.0, "avg_time_match": 0.0}, "30": {"start_time_match": 0.0033374641396088133, "end_time_match": 0.5104819497422902, "avg_time_match": 0.05405191269987694}, "31": {"start_time_match": 0.0, "end_time_match": 0.0, "avg_time_match": 0.0}, "32": {"start_time_match": 0.0, "end_time_match": 0.0, "avg_time_match": 0.0}, "33": {"start_time_match": 0.0, "end_time_match": 0.0, "avg_time_match": 0.0}, "34": {"start_time_match": 0.0, "end_time_match": 0.0, "avg_time_match": 0.0}, "35": {"start_time_match": 0.0, "end_time_match": 0.0, "avg_time_match": 0.0}, "36": {"start_time_match": 0.0, "end_time_match": 0.0, "avg_time_match": 0.0}, "37": {"start_time_match": 0.0, "end_time_match": 0.0, "avg_time_match": 0.0}, "38": {"start_time_match": 0.0, "end_time_match": 0.0, "avg_time_match": 0.0}, "39": {"start_time_match": 0.0, "end_time_match": 0.0, "avg_time_match": 0.0}, "40": {"start_time_match": 0.0, "end_time_match": 0.0, "avg_time_match": 0.0}, "41": {"start_time_match": 0.9072438605592794, "end_time_match": 0.2279438391242141, "avg_time_match": 0.8393138584157729}, "42": {"start_time_match": 0.9623125355978639, "end_time_match": 0.8883975009004358, "avg_time_match": 0.9549210321281211}, "43": {"start_time_match": 0.9623125355978639, "end_time_match": 0.8883975009004358, "avg_time_match": 0.9549210321281211}, "44": {"start_time_match": 0.9638072042159412, "end_time_match": 0.06880382084824027, "avg_time_match": 0.8743068658791712}, "45": {"start_time_match": 0.0, "end_time_match": 0.0, "avg_time_match": 0.0}, "46": {"start_time_match": 0.0, "end_time_match": 0.0, "avg_time_match": 0.0}, "47": {"start_time_match": 0.0, "end_time_match": 0.0, "avg_time_match": 0.0}, "48": {"start_time_match": 0.0, "end_time_match": 0.0, "avg_time_match": 0.0}, "49": {"start_time_match": 0.0, "end_time_match": 0.0, "avg_time_match": 0.0}, "50": {"start_time_match": 0.0, "end_time_match": 0.0, "avg_time_match": 0.0}, "51": {"start_time_match": 0.0, "end_time_match": 0.0, "avg_time_match": 0.0}, "52": {"start_time_match": 0.0, "end_time_match": 0.0, "avg_time_match": 0.0}, "53": {"start_time_match": 0.0, "end_time_match": 0.0, "avg_time_match": 0.0}, "54": {"start_time_match": 0.0, "end_time_match": 0.0, "avg_time_match": 0.0}, "55": {"start_time_match": 1.0, "end_time_match": 1.0, "avg_time_match": 1.0}, "56": {"start_time_match": 0.2955799264584359, "end_time_match": 0.020795388990484234, "avg_time_match": 0.26810147271164075}, "57": {"start_time_match": 0.999424165856154, "end_time_match": 0.09565340358367531, "avg_time_match": 0.9090470896289061}, "58": {"start_time_match": 0.500461803411141, "end_time_match": 0.09565340358367531, "avg_time_match": 0.45998096342839445}, "59": {"start_time_match": 0.500461803411141, "end_time_match": 0.09565340358367531, "avg_time_match": 0.45998096342839445}, "60": {"start_time_match": 0.9510620228537785, "end_time_match": 1.0, "avg_time_match": 0.9559558205684007}, "61": {"start_time_match": 0.0, "end_time_match": 0.0, "avg_time_match": 0.0}, "62": {"start_time_match": 0.895633490923231, "end_time_match": 0.0005026904423893478, "avg_time_match": 0.8061204108751467}, "63": {"start_time_match": 0.9827269200729539,