{"duration": 657, "recall": {"recall": 0.23809523809523808, "matched_queries": 15, "total_queries": 63}, "precision": {"precision": 0.25, "matched_candidates": 15, "total_candidates": 60}, "relevance": {"query_scores": {"0": 0.0, "1": 0.0, "2": 0.04705048425926293, "3": 0.0, "4": 0.0, "5": 0.0, "6": 0.0, "7": 0.0, "8": 0.0, "9": 0.0279133061232092, "10": 0.0, "11": 0.0, "12": 0.014249222716248611, "13": 0.0, "14": 0.0, "15": 0.0, "16": 0.0, "17": 0.0, "18": 0.0, "19": 0.0, "20": 0.0, "21": 0.0, "22": 0.0, "23": 0.0, "24": 0.0, "25": 0.0, "26": 0.0, "27": 0.0, "28": 0.0, "29": 0.0, "30": 0.0, "31": 0.0, "32": 0.0, "33": 0.0, "34": 0.0, "35": 0.0, "36": 0.0, "37": 0.0, "38": 0.0, "39": 0.0, "40": 0.0, "41": 0.0, "42": 0.0, "43": 0.0, "44": 0.0, "45": 0.034959018991292105, "46": 0.0, "47": 0.0, "48": 0.0, "49": 0.0, "50": 0.0, "51": 0.0, "52": 0.0, "53": 0.0, "54": 0.0, "55": 0.0, "56": 0.0, "57": 0.0, "58": 0.0, "59": 0.0, "60": 0.0, "61": 0.0, "62": 0.0}, "average_ndcg": 0.00197098463634941, "weighted_ndcg": 0.00197098463634941, "matched_weighted_ndcg": 0.008278135472667524, "num_queries": 63, "num_queries_with_relevant_references": 4, "k": 10}, "timeliness": {"query_time_scores": {"0": {"start_time_match": 0.0, "end_time_match": 0.0, "avg_time_match": 0.0}, "1": {"start_time_match": 0.0, "end_time_match": 0.0, "avg_time_match": 0.0}, "2": {"start_time_match": 7.95502300912613e-135, "end_time_match": 0.06527775233903531, "avg_time_match": 0.00652777523390353}, "3": {"start_time_match": 0.0, "end_time_match": 0.0, "avg_time_match": 0.0}, "4": {"start_time_match": 0.0, "end_time_match": 0.0, "avg_time_match": 0.0}, "5": {"start_time_match": 0.0, "end_time_match": 0.0, "avg_time_match": 0.0}, "6": {"start_time_match": 0.30347258562267393, "end_time_match": 0.7694002220980689, "avg_time_match": 0.35006534927021343}, "7": {"start_time_match": 0.0, "end_time_match": 0.0, "avg_time_match": 0.0}, "8": {"start_time_match": 0.0, "end_time_match": 0.0, "avg_time_match": 0.0}, "9": {"start_time_match": 0.0013398682376044183, "end_time_match": 0.16249565760502718, "avg_time_match": 0.01745544717434669}, "10": {"start_time_match": 0.0013398682376044183, "end_time_match": 1.5770351247826737e-17, "avg_time_match": 0.001205881413843978}, "11": {"start_time_match": 0.0, "end_time_match": 0.0, "avg_time_match": 0.0}, "12": {"start_time_match": 0.0013398682376044183, "end_time_match": 0.16249565760502718, "avg_time_match": 0.01745544717434669}, "13": {"start_time_match": 0.0, "end_time_match": 0.0, "avg_time_match": 0.0}, "14": {"start_time_match": 0.0, "end_time_match": 0.0, "avg_time_match": 0.0}, "15": {"start_time_match": 0.0, "end_time_match": 0.0, "avg_time_match": 0.0}, "16": {"start_time_match": 0.0, "end_time_match": 0.0, "avg_time_match": 0.0}, "17": {"start_time_match": 0.0, "end_time_match": 0.0, "avg_time_match": 0.0}, "18": {"start_time_match": 0.0, "end_time_match": 0.0, "avg_time_match": 0.0}, "19": {"start_time_match": 0.0, "end_time_match": 0.0, "avg_time_match": 0.0}, "20": {"start_time_match": 0.9857031841224433, "end_time_match": 0.007367653564999304, "avg_time_match": 0.8878696310666989}, "21": {"start_time_match": 0.9857031841224433, "end_time_match": 4.8302430621332146e-30, "avg_time_match": 0.887132865710199}, "22": {"start_time_match": 0.0, "end_time_match": 0.0, "avg_time_match": 0.0}, "23": {"start_time_match": 0.0, "end_time_match": 0.0, "avg_time_match": 0.0}, "24": {"start_time_match": 1.2630414061122273e-39, "end_time_match": 0.33343611206464707, "avg_time_match": 0.0333436112064647}, "25": {"start_time_match": 0.0, "end_time_match": 0.0, "avg_time_match": 0.0}, "26": {"start_time_match": 0.0, "end_time_match": 0.0, "avg_time_match": 0.0}, "27": {"start_time_match": 0.0, "end_time_match": 0.0, "avg_time_match": 0.0}, "28": {"start_time_match": 0.0, "end_time_match": 0.0, "avg_time_match": 0.0}, "29": {"start_time_match": 0.0, "end_time_match": 0.0, "avg_time_match": 0.0}, "30": {"start_time_match": 0.0, "end_time_match": 0.0, "avg_time_match": 0.0}, "31": {"start_time_match": 0.0, "end_time_match": 0.0, "avg_time_match": 0.0}, "32": {"start_time_match": 0.0, "end_time_match": 0.0, "avg_time_match": 0.0}, "33": {"start_time_match": 0.0, "end_time_match": 0.0, "avg_time_match": 0.0}, "34": {"start_time_match": 0.0, "end_time_match": 0.0, "avg_time_match": 0.0}, "35": {"start_time_match": 0.0, "end_time_match": 0.0, "avg_time_match": 0.0}, "36": {"start_time_match": 0.0, "end_time_match": 0.0, "avg_time_match": 0.0}, "37": {"start_time_match": 0.09802075862879753, "end_time_match": 5.511631993548616e-19, "avg_time_match": 0.08821868276591778}, "38": {"start_time_match": 0.0, "end_time_match": 0.0, "avg_time_match": 0.0}, "39": {"start_time_match": 0.0, "end_time_match": 0.0, "avg_time_match": 0.0}, "40": {"start_time_match": 0.0, "end_time_match": 0.0, "avg_time_match": 0.0}, "41": {"start_time_match": 0.0, "end_time_match": 0.0, "avg_time_match": 0.0}, "42": {"start_time_match": 0.0, "end_time_match": 0.0, "avg_time_match": 0.0}, "43": {"start_time_match": 0.0, "end_time_match": 0.0, "avg_time_match": 0.0}, "44": {"start_time_match": 0.0, "end_time_match": 0.0, "avg_time_match": 0.0}, "45": {"start_time_match": 0.17142935867518336, "end_time_match": 0.940349184335169, "avg_time_match": 0.2483213412411819}, "46": {"start_time_match": 0.0, "end_time_match": 0.0, "avg_time_match": 0.0}, "47": {"start_time_match": 0.0, "end_time_match": 0.0, "avg_time_match": 0.0}, "48": {"start_time_match": 0.7850059355642268, "end_time_match": 0.4195284233777859, "avg_time_match": 0.7484581843455828}, "49": {"start_time_match": 0.0, "end_time_match": 0.0, "avg_time_match": 0.0}, "50": {"start_time_match": 0.4101895126917135, "end_time_match": 0.22135578169412204, "avg_time_match": 0.39130613959195437}, "51": {"start_time_match": 0.18260754351177869, "end_time_match": 0.3196195169986706, "avg_time_match": 0.19630874086046787}, "52": {"start_time_match": 0.0, "end_time_match": 0.0, "avg_time_match": 0.0}, "53": {"start_time_match": 0.0, "end_time_match": 0.0, "avg_time_match": 0.0}, "54": {"start_time_match": 0.0, "end_time_match": 0.0, "avg_time_match": 0.0}, "55": {"start_time_match": 0.0, "end_time_match": 0.0, "avg_time_match": 0.0}, "56": {"start_time_match": 0.0, "end_time_match": 0.0, "avg_time_match": 0.0}, "57": {"start_time_match": 0.9771608537598175, "end_time_match": 0.8297556658693533, "avg_time_match": 0.9624203349707711}, "58": {"start_time_match": 0.9922859075169349, "end_time_match": 0.7756793910769297, "avg_time_match": 0.9706252558729345}, "59": {"start_time_match": 0.0, "end_time_match": 0.0, "avg_time_match": 0.0}, "60": {"start_time_match": 0.0, "end_time_match": 0.0, "avg_time_match": 0.0}, "61": {"start_time_match": 0.0, "end_time_match": 0.0, "avg_time_match": 0.0}, "62": {"start_time_match": 0.0, "end_time_match": 0.0, "avg_time_match": 0.0}}, "average_start_match": 0.0935809274433147, "average_end_match": 0.07947239712109264, "average_time_match": 0.0921700744110925, "weighted_start_match": 0.0935809274433147, "weighted_end_match": 0.07947239712109262, "weighted_time_match": 0.09217007441109248, "matched_weighted_start_match": 0.39303989526192173, "matched_weighted_end_match": 0.33378406790858905, "matched_weighted_time_match": 0.38711431252658846, "weighted_start_error": 4.8671641464954565, "weighted_end_error": 5.032241571740977, "weighted_time_error": 4.882744897752147, "matched_weighted_start_error": 3.0558863814019035, "matched_weighted_end_error": 3.3124930163646953, "matched_weighted_time_error": 3.0806415701329812, "num_queries": 63, "num_queries_with_matches": 15, "delta": 10, "balancing_coeffient": 0.9}}