{"duration": 423, "recall": {"recall": 0.2987012987012987, "matched_queries": 23, "total_queries": 77}, "precision": {"precision": 0.6551724137931034, "matched_candidates": 19, "total_candidates": 29}, "relevance": {"query_scores": {"0": 0.0, "1": 0.0, "2": 0.0, "3": 0.0, "4": 0.0, "5": 0.0, "6": 0.011491951053203909, "7": 0.0, "8": 0.0, "9": 0.0, "10": 0.0, "11": 0.0, "12": 0.0, "13": 0.0, "14": 0.0, "15": 0.0, "16": 0.002823060458709761, "17": 0.0, "18": 0.0, "19": 0.0, "20": 0.0, "21": 0.0, "22": 0.0, "23": 0.0, "24": 0.0, "25": 0.0, "26": 0.0, "27": 0.0, "28": 0.0, "29": 0.0, "30": 0.0, "31": 0.0, "32": 0.0, "33": 0.007834893271930857, "34": 0.0, "35": 0.0, "36": 0.0, "37": 0.0, "38": 0.0, "39": 0.0, "40": 0.0, "41": 0.0, "42": 0.0, "43": 0.0, "44": 0.0, "45": 0.0, "46": 0.0, "47": 0.0, "48": 0.0, "49": 0.0, "50": 0.0, "51": 0.0, "52": 0.0, "53": 0.0, "54": 0.0, "55": 0.0, "56": 0.0, "57": 0.0, "58": 0.0, "59": 0.0, "60": 0.0, "61": 0.0, "62": 0.0, "63": 0.0, "64": 0.0, "65": 0.0022015496751341167, "66": 0.0, "67": 0.0, "68": 0.0, "69": 0.0, "70": 0.0, "71": 0.0, "72": 0.0, "73": 0.0, "74": 0.0, "75": 0.0, "76": 0.0}, "average_ndcg": 0.000316252655311411, "weighted_ndcg": 0.000316252655311411, "matched_weighted_ndcg": 0.0010587588895208104, "num_queries": 77, "num_queries_with_relevant_references": 4, "k": 10}, "timeliness": {"query_time_scores": {"0": {"start_time_match": 0.0, "end_time_match": 0.0, "avg_time_match": 0.0}, "1": {"start_time_match": 0.0, "end_time_match": 0.0, "avg_time_match": 0.0}, "2": {"start_time_match": 0.0, "end_time_match": 0.0, "avg_time_match": 0.0}, "3": {"start_time_match": 0.0, "end_time_match": 0.0, "avg_time_match": 0.0}, "4": {"start_time_match": 0.5954725422392699, "end_time_match": 0.036428640019228985, "avg_time_match": 0.5395681520172659}, "5": {"start_time_match": 0.5954725422392699, "end_time_match": 0.00244844046990711, "avg_time_match": 0.5361701320623338}, "6": {"start_time_match": 0.8438808224370005, "end_time_match": 0.15730007376080368, "avg_time_match": 0.7752227475693808}, "7": {"start_time_match": 0.0207953889904843, "end_time_match": 1.0, "avg_time_match": 0.11871585009143584}, "8": {"start_time_match": 0.8438808224370005, "end_time_match": 0.9866341272642846, "avg_time_match": 0.8581561529197289}, "9": {"start_time_match": 0.0, "end_time_match": 0.0, "avg_time_match": 0.0}, "10": {"start_time_match": 0.0, "end_time_match": 0.0, "avg_time_match": 0.0}, "11": {"start_time_match": 0.0, "end_time_match": 0.0, "avg_time_match": 0.0}, "12": {"start_time_match": 0.0, "end_time_match": 0.0, "avg_time_match": 0.0}, "13": {"start_time_match": 0.07438179931005336, "end_time_match": 3.3224153149706446e-11, "avg_time_match": 0.06694361938237044}, "14": {"start_time_match": 0.0, "end_time_match": 0.0, "avg_time_match": 0.0}, "15": {"start_time_match": 0.07438179931005336, "end_time_match": 3.2231996875728896e-06, "avg_time_match": 0.06694394169901678}, "16": {"start_time_match": 0.7942158526165458, "end_time_match": 3.3928201050866206e-05, "avg_time_match": 0.7147976601749964}, "17": {"start_time_match": 0.0, "end_time_match": 0.0, "avg_time_match": 0.0}, "18": {"start_time_match": 0.0, "end_time_match": 0.0, "avg_time_match": 0.0}, "19": {"start_time_match": 0.0, "end_time_match": 0.0, "avg_time_match": 0.0}, "20": {"start_time_match": 0.0, "end_time_match": 0.0, "avg_time_match": 0.0}, "21": {"start_time_match": 0.0, "end_time_match": 0.0, "avg_time_match": 0.0}, "22": {"start_time_match": 0.9384703654116942, "end_time_match": 0.000470448529616231, "avg_time_match": 0.8446703737234863}, "23": {"start_time_match": 0.0, "end_time_match": 0.0, "avg_time_match": 0.0}, "24": {"start_time_match": 0.0, "end_time_match": 0.0, "avg_time_match": 0.0}, "25": {"start_time_match": 0.0, "end_time_match": 0.0, "avg_time_match": 0.0}, "26": {"start_time_match": 0.7143373137359565, "end_time_match": 1.0, "avg_time_match": 0.7429035823623609}, "27": {"start_time_match": 0.0, "end_time_match": 0.0, "avg_time_match": 0.0}, "28": {"start_time_match": 0.0, "end_time_match": 0.0, "avg_time_match": 0.0}, "29": {"start_time_match": 0.0, "end_time_match": 0.0, "avg_time_match": 0.0}, "30": {"start_time_match": 0.9667107009560697, "end_time_match": 0.13162793639275264, "avg_time_match": 0.8832024244997381}, "31": {"start_time_match": 0.9667107009560697, "end_time_match": 0.6331955365732745, "avg_time_match": 0.9333591845177902}, "32": {"start_time_match": 0.0, "end_time_match": 0.0, "avg_time_match": 0.0}, "33": {"start_time_match": 0.13013485760847973, "end_time_match": 0.25319787027086305, "avg_time_match": 0.14244115887471806}, "34": {"start_time_match": 0.0, "end_time_match": 0.0, "avg_time_match": 0.0}, "35": {"start_time_match": 0.0, "end_time_match": 0.0, "avg_time_match": 0.0}, "36": {"start_time_match": 0.0, "end_time_match": 0.0, "avg_time_match": 0.0}, "37": {"start_time_match": 0.0, "end_time_match": 0.0, "avg_time_match": 0.0}, "38": {"start_time_match": 0.09105386723134072, "end_time_match": 0.5374368576610078, "avg_time_match": 0.1356921662743074}, "39": {"start_time_match": 0.9929688351214645, "end_time_match": 0.5374368576610078, "avg_time_match": 0.9474156373754189}, "40": {"start_time_match": 0.9929688351214645, "end_time_match": 0.5374368576610078, "avg_time_match": 0.9474156373754189}, "41": {"start_time_match": 0.0, "end_time_match": 0.0, "avg_time_match": 0.0}, "42": {"start_time_match": 0.21277159767390902, "end_time_match": 0.0002028475188172306, "avg_time_match": 0.19151472265839986}, "43": {"start_time_match": 0.0, "end_time_match": 0.0, "avg_time_match": 0.0}, "44": {"start_time_match": 0.0, "end_time_match": 0.0, "avg_time_match": 0.0}, "45": {"start_time_match": 0.0, "end_time_match": 0.0, "avg_time_match": 0.0}, "46": {"start_time_match": 0.7470673031371956, "end_time_match": 3.7175675005840525e-49, "avg_time_match": 0.672360572823476}, "47": {"start_time_match": 0.09105386723134125, "end_time_match": 3.606988395616753e-45, "avg_time_match": 0.08194848050820712}, "48": {"start_time_match": 0.8548613388338252, "end_time_match": 0.07154876741731293, "avg_time_match": 0.776530081692174}, "49": {"start_time_match": 0.0, "end_time_match": 0.0, "avg_time_match": 0.0}, "50": {"start_time_match": 0.0, "end_time_match": 0.0, "avg_time_match": 0.0}, "51": {"start_time_match": 0.0, "end_time_match": 0.0, "avg_time_match": 0.0}, "52": {"start_time_match": 0.0, "end_time_match": 0.0, "avg_time_match": 0.0}, "53": {"start_time_match": 0.0, "end_time_match": 0.0, "avg_time_match": 0.0}, "54": {"start_time_match": 0.005230418421471602, "end_time_match": 1.2842687175728538e-05, "avg_time_match": 0.004708660848042015}, "55": {"start_time_match": 0.005230418421471602, "end_time_match": 0.8809662169812306, "avg_time_match": 0.09280399827744748}, "56": {"start_time_match": 0.0, "end_time_match": 0.0, "avg_time_match": 0.0}, "57": {"start_time_match": 0.0, "end_time_match": 0.0, "avg_time_match": 0.0}, "58": {"start_time_match": 0.0, "end_time_match": 0.0, "avg_time_match": 0.0}, "59": {"start_time_match": 0.0, "end_time_match": 0.0, "avg_time_match": 0.0}, "60": {"start_time_match": 0.0, "end_time_match": 0.0, "avg_time_match": 0.0}, "61": {"start_time_match": 0.0, "end_time_match": 0.0, "avg_time_match": 0.0}, "62": {"start_time_match": 0.0, "end_time_match": 0.0, "avg_time_match": 0.0}, "63": {"start_time_match": 0.0, "end_time_match": 0.0, "avg_time_match": 0.0}, "64": {"start_time_match": 0.0, "end_time_match": 0.0, "avg_time_match": 0.0}, "65": {"start_time_match": 0.5205527766530555, "end_time_match": 2.2577114126945029e-07, "avg_time_match": 0.46849752156486413}, "66": {"start_time_match": 0.0, "end_time_match": 0.0, "avg_time_match": 0.0}, "67": {"start_time_match": 0.0, "end_time_match": 0.0, "avg_time_match": 0.0}, "68": {"start_time_match": 0.0, "end_time_match": 0.0, "avg_time_match": 0.0}, "69": {"start_time_match": 0.0, "end_time_match": 0.0, "avg_time_match": 0.0}, "70": {"start_time_match": 0.0,