{"duration": 385, "recall": {"recall": 0.45098039215686275, "matched_queries": 46, "total_queries": 102}, "precision": {"precision": 1.0, "matched_candidates": 30, "total_candidates": 30}, "relevance": {"query_scores": {"0": 0.05141188274525339, "1": 0.006476441722889202, "2": 0.0, "3": 0.042548809477151325, "4": 0.0, "5": 0.0, "6": 0.0, "7": 0.0, "8": 0.0, "9": 0.005789305164291628, "10": 0.0, "11": 0.0, "12": 0.0, "13": 0.03911556210402022, "14": 0.0, "15": 0.0, "16": 0.0, "17": 0.0, "18": 0.0, "19": 0.0, "20": 0.0, "21": 0.0, "22": 0.0, "23": 0.0027312394227897584, "24": 0.02942992182851939, "25": 0.0, "26": 0.0, "27": 0.0726392363460053, "28": 0.03815358161136757, "29": 0.0, "30": 0.0, "31": 0.0, "32": 0.0, "33": 0.0, "34": 0.0, "35": 0.0, "36": 0.0, "37": 0.0, "38": 0.0, "39": 0.0, "40": 0.0, "41": 0.028753344138324737, "42": 0.0, "43": 0.0, "44": 0.0, "45": 0.0, "46": 0.0, "47": 0.0, "48": 0.012448299622483353, "49": 0.0, "50": 0.0, "51": 0.0, "52": 0.0, "53": 0.012847517094219722, "54": 0.0, "55": 0.0, "56": 0.04534451765210102, "57": 0.0, "58": 0.0, "59": 0.06909936448052488, "60": 0.00283108020945537, "61": 0.0, "62": 0.03576663703217996, "63": 0.0027053105147129023, "64": 0.004315716989197442, "65": 0.0, "66": 0.0, "67": 0.0, "68": 0.0, "69": 0.025941116646371165, "70": 0.0, "71": 0.0, "72": 0.0011491951053203906, "73": 0.0, "74": 0.07763282543197957, "75": 0.012864633119271296, "76": 0.030731467720728718, "77": 0.0, "78": 0.06384494057888937, "79": 0.05678291310060144, "80": 0.0, "81": 0.0, "82": 0.06944658474295648, "83": 0.07076942887182645, "84": 0.008326589010876418, "85": 0.009282108440808222, "86": 0.015118691087124084, "87": 0.0029986614739994344, "88": 0.006152996958950836, "89": 0.05031897177972775, "90": 0.07760527694578451, "91": 0.0, "92": 0.0, "93": 0.0, "94": 0.016974740380687407, "95": 0.0029986614739994344, "96": 0.0, "97": 0.0, "98": 0.0, "99": 0.06824922983359516, "100": 0.0138038455059916, "101": 0.0}, "average_ndcg": 0.011601967121225264, "weighted_ndcg": 0.011601967121225262, "matched_weighted_ndcg": 0.025726101007934283, "num_queries": 102, "num_queries_with_relevant_references": 38, "k": 10}, "timeliness": {"query_time_scores": {"0": {"start_time_match": 0.9980658728391995, "end_time_match": 0.07154876741731285, "avg_time_match": 0.9054141622970109}, "1": {"start_time_match": 1.6613101830592346e-06, "end_time_match": 0.8759064377249468, "avg_time_match": 0.08759213895165942}, "2": {"start_time_match": 0.0, "end_time_match": 0.0, "avg_time_match": 0.0}, "3": {"start_time_match": 0.9980658728391995, "end_time_match": 0.07154876741731285, "avg_time_match": 0.9054141622970109}, "4": {"start_time_match": 0.0, "end_time_match": 0.0, "avg_time_match": 0.0}, "5": {"start_time_match": 0.0, "end_time_match": 0.0, "avg_time_match": 0.0}, "6": {"start_time_match": 0.0, "end_time_match": 0.0, "avg_time_match": 0.0}, "7": {"start_time_match": 0.0, "end_time_match": 0.0, "avg_time_match": 0.0}, "8": {"start_time_match": 0.0, "end_time_match": 0.0, "avg_time_match": 0.0}, "9": {"start_time_match": 0.07829934823236788, "end_time_match": 0.16781451280200788, "avg_time_match": 0.08725086468933188}, "10": {"start_time_match": 0.0, "end_time_match": 0.0, "avg_time_match": 0.0}, "11": {"start_time_match": 0.0, "end_time_match": 0.0, "avg_time_match": 0.0}, "12": {"start_time_match": 0.0, "end_time_match": 0.0, "avg_time_match": 0.0}, "13": {"start_time_match": 0.3887635347568377, "end_time_match": 0.9953866742291172, "avg_time_match": 0.44942584870406566}, "14": {"start_time_match": 0.0, "end_time_match": 0.0, "avg_time_match": 0.0}, "15": {"start_time_match": 0.0, "end_time_match": 0.0, "avg_time_match": 0.0}, "16": {"start_time_match": 0.0, "end_time_match": 0.0, "avg_time_match": 0.0}, "17": {"start_time_match": 0.0, "end_time_match": 0.0, "avg_time_match": 0.0}, "18": {"start_time_match": 0.0, "end_time_match": 0.0, "avg_time_match": 0.0}, "19": {"start_time_match": 0.0, "end_time_match": 0.0, "avg_time_match": 0.0}, "20": {"start_time_match": 0.0, "end_time_match": 0.0, "avg_time_match": 0.0}, "21": {"start_time_match": 0.0, "end_time_match": 0.0, "avg_time_match": 0.0}, "22": {"start_time_match": 0.0, "end_time_match": 0.0, "avg_time_match": 0.0}, "23": {"start_time_match": 0.9942406490176681, "end_time_match": 0.217035140665852, "avg_time_match": 0.9165200981824865}, "24": {"start_time_match": 0.9942406490176681, "end_time_match": 0.217035140665852, "avg_time_match": 0.9165200981824865}, "25": {"start_time_match": 0.0, "end_time_match": 0.0, "avg_time_match": 0.0}, "26": {"start_time_match": 0.0, "end_time_match": 0.0, "avg_time_match": 0.0}, "27": {"start_time_match": 0.5714924538193876, "end_time_match": 0.9994241658561542, "avg_time_match": 0.6142856250230643}, "28": {"start_time_match": 0.07154876741731293, "end_time_match": 0.005835332681760076, "avg_time_match": 0.06497742394375765}, "29": {"start_time_match": 0.0, "end_time_match": 0.0, "avg_time_match": 0.0}, "30": {"start_time_match": 0.0, "end_time_match": 0.0, "avg_time_match": 0.0}, "31": {"start_time_match": 0.0, "end_time_match": 0.0, "avg_time_match": 0.0}, "32": {"start_time_match": 0.0, "end_time_match": 0.0, "avg_time_match": 0.0}, "33": {"start_time_match": 0.0, "end_time_match": 0.0, "avg_time_match": 0.0}, "34": {"start_time_match": 0.0, "end_time_match": 0.0, "avg_time_match": 0.0}, "35": {"start_time_match": 0.0, "end_time_match": 0.0, "avg_time_match": 0.0}, "36": {"start_time_match": 0.0, "end_time_match": 0.0, "avg_time_match": 0.0}, "37": {"start_time_match": 0.0, "end_time_match": 0.0, "avg_time_match": 0.0}, "38": {"start_time_match": 0.0, "end_time_match": 0.0, "avg_time_match": 0.0}, "39": {"start_time_match": 0.0, "end_time_match": 0.0, "avg_time_match": 0.0}, "40": {"start_time_match": 0.0, "end_time_match": 0.0, "avg_time_match": 0.0}, "41": {"start_time_match": 0.7340809282309356, "end_time_match": 0.2279438391242141, "avg_time_match": 0.6834672193202634}, "42": {"start_time_match": 0.0, "end_time_match": 0.0, "avg_time_match": 0.0}, "43": {"start_time_match": 0.0, "end_time_match": 0.0, "avg_time_match": 0.0}, "44": {"start_time_match": 0.36787944117144233, "end_time_match": 3.3068016883660705e-05, "avg_time_match": 0.3310948038559865}, "45": {"start_time_match": 0.0, "end_time_match": 0.0, "avg_time_match": 0.0}, "46": {"start_time_match": 0.0, "end_time_match": 0.0, "avg_time_match": 0.0}, "47": {"start_time_match": 0.0, "end_time_match": 0.0, "avg_time_match": 0.0}, "48": {"start_time_match": 0.7438350319388822, "end_time_match": 0.06273122179617235, "avg_time_match": 0.6757246509246113}, "49": {"start_time_match": 0.0, "end_time_match": 0.0, "avg_time_match": 0.0}, "50": {"start_time_match": 0.0, "end_time_match": 0.0, "avg_time_match": 0.0}, "51": {"start_time_match": 0.0, "end_time_match": 0.0, "avg_time_match": 0.0}, "52": {"start_time_match": 0.0, "end_time_match": 0.0, "avg_time_match": 0.0}, "53": {"start_time_match": 0.7110190900224695, "end_time_match": 0.945826623483609, "avg_time_match": 0.7344998433685835}, "54": {"start_time_match": 0.0, "end_time_match": 0.0, "avg_time_match": 0.0}, "55": {"start_time_match": 0.0, "end_time_match": 0.0, "avg_time_match": 0.0}, "56": {"start_time_match": 0.9794775125029316, "end_time_match": 0.6229157512983059, "avg_time_match": 0.943821336382469}, "57": {"start_time_match": 0.999424165856154, "end_time_match": 0.09565340358367531, "avg_time_match": 0.9090470896289061}, "58": {"start_time_match": 0.4164053891841599, "end_time_match": 0.09565340358367531, "avg_time_match": 0.3843301906241115}, "59": {"start_time_match": 0.4164053891841599, "end_time_match": 0.09565340358367531, "avg_time_match": 0.3843301906241115}, "60": {"start_time_match": 0.8980010871912402, "end_time_match": 1.0, "avg_time_match": 0.9082009784721161}, "61": {"start_time_match": 0.0, "end_time_match": 0.0, "avg_time_match": 0.0}, "62": {"start_time_match": 0.9510620228537809, "end_time_match": 0.0009600780257329594,