{"duration": 657, "recall": {"recall": 0.2222222222222222, "matched_queries": 14, "total_queries": 63}, "precision": {"precision": 0.16363636363636364, "matched_candidates": 9, "total_candidates": 55}, "relevance": {"query_scores": {"0": 0.0, "1": 0.0, "2": 0.045364773230673526, "3": 0.045364773230673526, "4": 0.0, "5": 0.0, "6": 0.0, "7": 0.0, "8": 0.0, "9": 0.04849824621592384, "10": 0.014249222716248611, "11": 0.0, "12": 0.04794037162056975, "13": 0.0, "14": 0.0, "15": 0.0, "16": 0.0, "17": 0.0, "18": 0.0, "19": 0.0, "20": 0.0, "21": 0.0, "22": 0.0, "23": 0.0, "24": 0.0, "25": 0.0, "26": 0.0, "27": 0.0, "28": 0.0, "29": 0.0, "30": 0.0, "31": 0.0, "32": 0.0, "33": 0.0, "34": 0.0, "35": 0.0, "36": 0.0, "37": 0.0, "38": 0.0, "39": 0.0, "40": 0.0, "41": 0.0, "42": 0.0, "43": 0.0, "44": 0.0, "45": 0.0, "46": 0.0, "47": 0.0, "48": 0.0, "49": 0.0, "50": 0.0, "51": 0.0, "52": 0.0, "53": 0.0, "54": 0.0, "55": 0.0, "56": 0.0, "57": 0.0, "58": 0.0, "59": 0.0, "60": 0.0, "61": 0.0, "62": 0.032938884924508076}, "average_ndcg": 0.0037199408244221795, "weighted_ndcg": 0.0037199408244221795, "matched_weighted_ndcg": 0.016739733709899812, "num_queries": 63, "num_queries_with_relevant_references": 6, "k": 10}, "timeliness": {"query_time_scores": {"0": {"start_time_match": 0.0, "end_time_match": 0.0, "avg_time_match": 0.0}, "1": {"start_time_match": 0.0, "end_time_match": 0.0, "avg_time_match": 0.0}, "2": {"start_time_match": 1.0372341923821452e-137, "end_time_match": 0.08882065985672784, "avg_time_match": 0.008882065985672781}, "3": {"start_time_match": 1.0372341923821452e-137, "end_time_match": 0.08882065985672784, "avg_time_match": 0.008882065985672781}, "4": {"start_time_match": 0.0, "end_time_match": 0.0, "avg_time_match": 0.0}, "5": {"start_time_match": 0.0, "end_time_match": 0.0, "avg_time_match": 0.0}, "6": {"start_time_match": 5.633846337317495e-15, "end_time_match": 3.8869314769313444e-11, "avg_time_match": 3.89200193863493e-12}, "7": {"start_time_match": 0.0, "end_time_match": 0.0, "avg_time_match": 0.0}, "8": {"start_time_match": 0.0, "end_time_match": 0.0, "avg_time_match": 0.0}, "9": {"start_time_match": 0.0004917205453989836, "end_time_match": 0.12429021554697704, "avg_time_match": 0.012871570045556786}, "10": {"start_time_match": 0.0004917205453989836, "end_time_match": 8.597670761172992e-25, "avg_time_match": 0.0004425484908590853}, "11": {"start_time_match": 0.0, "end_time_match": 0.0, "avg_time_match": 0.0}, "12": {"start_time_match": 0.0004917205453989836, "end_time_match": 0.12429021554697704, "avg_time_match": 0.012871570045556786}, "13": {"start_time_match": 0.0, "end_time_match": 0.0, "avg_time_match": 0.0}, "14": {"start_time_match": 0.0, "end_time_match": 0.0, "avg_time_match": 0.0}, "15": {"start_time_match": 0.0, "end_time_match": 0.0, "avg_time_match": 0.0}, "16": {"start_time_match": 0.0, "end_time_match": 0.0, "avg_time_match": 0.0}, "17": {"start_time_match": 0.0, "end_time_match": 0.0, "avg_time_match": 0.0}, "18": {"start_time_match": 0.0, "end_time_match": 0.0, "avg_time_match": 0.0}, "19": {"start_time_match": 0.0, "end_time_match": 0.0, "avg_time_match": 0.0}, "20": {"start_time_match": 0.9857031841224433, "end_time_match": 0.011952485865746902, "avg_time_match": 0.8883281142967737}, "21": {"start_time_match": 0.9857031841224433, "end_time_match": 3.0046217809684896e-29, "avg_time_match": 0.887132865710199}, "22": {"start_time_match": 0.0, "end_time_match": 0.0, "avg_time_match": 0.0}, "23": {"start_time_match": 0.0, "end_time_match": 0.0, "avg_time_match": 0.0}, "24": {"start_time_match": 1.2630414061122273e-39, "end_time_match": 0.33343611206464707, "avg_time_match": 0.0333436112064647}, "25": {"start_time_match": 0.0, "end_time_match": 0.0, "avg_time_match": 0.0}, "26": {"start_time_match": 0.0, "end_time_match": 0.0, "avg_time_match": 0.0}, "27": {"start_time_match": 0.0, "end_time_match": 0.0, "avg_time_match": 0.0}, "28": {"start_time_match": 0.0, "end_time_match": 0.0, "avg_time_match": 0.0}, "29": {"start_time_match": 0.0, "end_time_match": 0.0, "avg_time_match": 0.0}, "30": {"start_time_match": 0.0, "end_time_match": 0.0, "avg_time_match": 0.0}, "31": {"start_time_match": 0.0, "end_time_match": 0.0, "avg_time_match": 0.0}, "32": {"start_time_match": 0.0, "end_time_match": 0.0, "avg_time_match": 0.0}, "33": {"start_time_match": 0.0, "end_time_match": 0.0, "avg_time_match": 0.0}, "34": {"start_time_match": 0.0, "end_time_match": 0.0, "avg_time_match": 0.0}, "35": {"start_time_match": 0.0, "end_time_match": 0.0, "avg_time_match": 0.0}, "36": {"start_time_match": 0.0, "end_time_match": 0.0, "avg_time_match": 0.0}, "37": {"start_time_match": 0.0, "end_time_match": 0.0, "avg_time_match": 0.0}, "38": {"start_time_match": 0.0, "end_time_match": 0.0, "avg_time_match": 0.0}, "39": {"start_time_match": 0.0, "end_time_match": 0.0, "avg_time_match": 0.0}, "40": {"start_time_match": 0.0, "end_time_match": 0.0, "avg_time_match": 0.0}, "41": {"start_time_match": 0.0, "end_time_match": 0.0, "avg_time_match": 0.0}, "42": {"start_time_match": 0.0, "end_time_match": 0.0, "avg_time_match": 0.0}, "43": {"start_time_match": 0.0, "end_time_match": 0.0, "avg_time_match": 0.0}, "44": {"start_time_match": 0.0, "end_time_match": 0.0, "avg_time_match": 0.0}, "45": {"start_time_match": 0.0, "end_time_match": 0.0, "avg_time_match": 0.0}, "46": {"start_time_match": 0.9936204363791489, "end_time_match": 0.9117257927145701, "avg_time_match": 0.9854309720126909}, "47": {"start_time_match": 0.0, "end_time_match": 0.0, "avg_time_match": 0.0}, "48": {"start_time_match": 0.7662429441969135, "end_time_match": 0.28269802514458714, "avg_time_match": 0.7178884522916809}, "49": {"start_time_match": 0.0, "end_time_match": 0.0, "avg_time_match": 0.0}, "50": {"start_time_match": 0.0, "end_time_match": 0.0, "avg_time_match": 0.0}, "51": {"start_time_match": 0.3196195169986706, "end_time_match": 0.3196195169986706, "avg_time_match": 0.3196195169986706}, "52": {"start_time_match": 0.0, "end_time_match": 0.0, "avg_time_match": 0.0}, "53": {"start_time_match": 0.0, "end_time_match": 0.0, "avg_time_match": 0.0}, "54": {"start_time_match": 0.0, "end_time_match": 0.0, "avg_time_match": 0.0}, "55": {"start_time_match": 0.0, "end_time_match": 0.0, "avg_time_match": 0.0}, "56": {"start_time_match": 0.0, "end_time_match": 0.0, "avg_time_match": 0.0}, "57": {"start_time_match": 0.9771608537598175, "end_time_match": 0.8410905124570693, "avg_time_match": 0.9635538196295427}, "58": {"start_time_match": 0.0, "end_time_match": 0.0, "avg_time_match": 0.0}, "59": {"start_time_match": 0.0, "end_time_match": 0.0, "avg_time_match": 0.0}, "60": {"start_time_match": 0.0, "end_time_match": 0.0, "avg_time_match": 0.0}, "61": {"start_time_match": 0.0, "end_time_match": 0.0, "avg_time_match": 0.0}, "62": {"start_time_match": 0.63661894812978, "end_time_match": 0.13465275493008938, "avg_time_match": 0.5864223288098109}}, "average_start_match": 0.08993879729119716, "average_end_match": 0.05176820557177238, "average_time_match": 0.08612173811925468, "weighted_start_match": 0.08993879729119714, "weighted_end_match": 0.05176820557177237, "weighted_time_match": 0.08612173811925465, "matched_weighted_start_match": 0.4047245878103871, "matched_weighted_end_match": 0.2329569250729757, "matched_weighted_time_match": 0.38754782153664596, "weighted_start_error": 4.907775331120024, "weighted_end_error": 5.441487949279023, "weighted_time_error": 4.9517607213619454, "matched_weighted_start_error": 3.0075712348982733, "matched_weighted_end_error": 3.8169381884418936, "matched_weighted_time_error": 3.078824495462552, "num_queries": 63, "num_queries_with_matches": 14, "delta": 10, "balancing_coeffient": 0.9}}