{"duration": 423, "recall": {"recall": 0.3246753246753247, "matched_queries": 25, "total_queries": 77}, "precision": {"precision": 0.5789473684210527, "matched_candidates": 22, "total_candidates": 38}, "relevance": {"query_scores": {"0": 0.0, "1": 0.05363814871548548, "2": 0.0, "3": 0.0, "4": 0.0, "5": 0.0, "6": 0.0007250613846053193, "7": 0.0, "8": 0.0, "9": 0.0, "10": 0.0, "11": 0.0, "12": 0.0, "13": 0.0, "14": 0.0, "15": 0.0, "16": 0.0, "17": 0.0, "18": 0.0, "19": 0.0, "20": 0.0, "21": 0.0, "22": 0.017490865185663777, "23": 0.0, "24": 0.0, "25": 0.0, "26": 0.0, "27": 0.0, "28": 0.0, "29": 0.0, "30": 0.0, "31": 0.0, "32": 0.0, "33": 0.013970263537308247, "34": 0.0, "35": 0.006629577693958727, "36": 0.0, "37": 0.0, "38": 0.0, "39": 0.0, "40": 0.0, "41": 0.016780047083433676, "42": 0.0, "43": 0.0, "44": 0.0, "45": 0.0, "46": 0.0, "47": 0.0, "48": 0.036773443625674536, "49": 0.0, "50": 0.0, "51": 0.0, "52": 0.0, "53": 0.0, "54": 0.0, "55": 0.0, "56": 0.0, "57": 0.0, "58": 0.0, "59": 0.0, "60": 0.01552251504145361, "61": 0.0, "62": 0.0, "63": 0.0, "64": 0.0, "65": 0.0, "66": 0.0, "67": 0.0, "68": 0.0, "69": 0.0, "70": 0.0, "71": 0.0006577320834603563, "72": 0.0, "73": 0.0, "74": 0.0, "75": 0.0, "76": 0.0}, "average_ndcg": 0.0021063331733901782, "weighted_ndcg": 0.0021063331733901782, "matched_weighted_ndcg": 0.0064875061740417485, "num_queries": 77, "num_queries_with_relevant_references": 9, "k": 10}, "timeliness": {"query_time_scores": {"0": {"start_time_match": 0.0, "end_time_match": 0.0, "avg_time_match": 0.0}, "1": {"start_time_match": 0.9204026883275066, "end_time_match": 1.0, "avg_time_match": 0.928362419494756}, "2": {"start_time_match": 0.0, "end_time_match": 0.0, "avg_time_match": 0.0}, "3": {"start_time_match": 0.0, "end_time_match": 0.0, "avg_time_match": 0.0}, "4": {"start_time_match": 0.9953866742291171, "end_time_match": 0.036428640019228985, "avg_time_match": 0.8994908708081283}, "5": {"start_time_match": 0.9953866742291171, "end_time_match": 0.00244844046990711, "avg_time_match": 0.896092850853196}, "6": {"start_time_match": 0.9816740012799432, "end_time_match": 0.21277159767390869, "avg_time_match": 0.9047837609193398}, "7": {"start_time_match": 0.9816740012799432, "end_time_match": 0.992968835121464, "avg_time_match": 0.9828034846640953}, "8": {"start_time_match": 0.0, "end_time_match": 0.0, "avg_time_match": 0.0}, "9": {"start_time_match": 0.0, "end_time_match": 0.0, "avg_time_match": 0.0}, "10": {"start_time_match": 0.0, "end_time_match": 0.0, "avg_time_match": 0.0}, "11": {"start_time_match": 0.8382826032242333, "end_time_match": 0.8382826032242333, "avg_time_match": 0.8382826032242333}, "12": {"start_time_match": 0.8382826032242333, "end_time_match": 0.8382826032242333, "avg_time_match": 0.8382826032242333}, "13": {"start_time_match": 0.0, "end_time_match": 0.0, "avg_time_match": 0.0}, "14": {"start_time_match": 0.0, "end_time_match": 0.0, "avg_time_match": 0.0}, "15": {"start_time_match": 0.0, "end_time_match": 0.0, "avg_time_match": 0.0}, "16": {"start_time_match": 0.0, "end_time_match": 0.0, "avg_time_match": 0.0}, "17": {"start_time_match": 0.0, "end_time_match": 0.0, "avg_time_match": 0.0}, "18": {"start_time_match": 0.0, "end_time_match": 0.0, "avg_time_match": 0.0}, "19": {"start_time_match": 0.0, "end_time_match": 0.0, "avg_time_match": 0.0}, "20": {"start_time_match": 0.0, "end_time_match": 0.0, "avg_time_match": 0.0}, "21": {"start_time_match": 0.0, "end_time_match": 0.0, "avg_time_match": 0.0}, "22": {"start_time_match": 0.9384703654116942, "end_time_match": 6.837142197505499e-09, "avg_time_match": 0.8446233295542389}, "23": {"start_time_match": 0.0, "end_time_match": 0.0, "avg_time_match": 0.0}, "24": {"start_time_match": 0.0, "end_time_match": 0.0, "avg_time_match": 0.0}, "25": {"start_time_match": 0.0, "end_time_match": 0.0, "avg_time_match": 0.0}, "26": {"start_time_match": 0.0, "end_time_match": 0.0, "avg_time_match": 0.0}, "27": {"start_time_match": 0.0, "end_time_match": 0.0, "avg_time_match": 0.0}, "28": {"start_time_match": 0.0, "end_time_match": 0.0, "avg_time_match": 0.0}, "29": {"start_time_match": 0.0, "end_time_match": 0.0, "avg_time_match": 0.0}, "30": {"start_time_match": 0.7819097142699656, "end_time_match": 0.13162793639275264, "avg_time_match": 0.7168815364822444}, "31": {"start_time_match": 0.7819097142699656, "end_time_match": 1.0, "avg_time_match": 0.8037187428429691}, "32": {"start_time_match": 0.0, "end_time_match": 0.0, "avg_time_match": 0.0}, "33": {"start_time_match": 0.9989765241090885, "end_time_match": 0.9527526098032114, "avg_time_match": 0.9943541326785008}, "34": {"start_time_match": 0.9976986521707417, "end_time_match": 0.3061304379639635, "avg_time_match": 0.9285418307500639}, "35": {"start_time_match": 0.500461803411141, "end_time_match": 0.999424165856154, "avg_time_match": 0.5503580396556423}, "36": {"start_time_match": 0.0, "end_time_match": 0.0, "avg_time_match": 0.0}, "37": {"start_time_match": 0.0, "end_time_match": 0.0, "avg_time_match": 0.0}, "38": {"start_time_match": 0.8733455346669554, "end_time_match": 0.6943243948138204, "avg_time_match": 0.8554434206816419}, "39": {"start_time_match": 0.0, "end_time_match": 0.0, "avg_time_match": 0.0}, "40": {"start_time_match": 0.9326773107156201, "end_time_match": 0.6943243948138204, "avg_time_match": 0.9088420191254402}, "41": {"start_time_match": 0.9592380572728246, "end_time_match": 0.4321182505801362, "avg_time_match": 0.9065260766035558}, "42": {"start_time_match": 0.0, "end_time_match": 0.0, "avg_time_match": 0.0}, "43": {"start_time_match": 0.0, "end_time_match": 0.0, "avg_time_match": 0.0}, "44": {"start_time_match": 0.0, "end_time_match": 0.0, "avg_time_match": 0.0}, "45": {"start_time_match": 0.0, "end_time_match": 0.0, "avg_time_match": 0.0}, "46": {"start_time_match": 0.5205527766530542, "end_time_match": 2.2182734869525388e-45, "avg_time_match": 0.4684974989877488}, "47": {"start_time_match": 0.5205527766530542, "end_time_match": 2.2182734869525388e-45, "avg_time_match": 0.4684974989877488}, "48": {"start_time_match": 0.27264082755667696, "end_time_match": 0.29038605998213696, "avg_time_match": 0.27441535079922297}, "49": {"start_time_match": 0.0, "end_time_match": 0.0, "avg_time_match": 0.0}, "50": {"start_time_match": 0.0, "end_time_match": 0.0, "avg_time_match": 0.0}, "51": {"start_time_match": 0.0, "end_time_match": 0.0, "avg_time_match": 0.0}, "52": {"start_time_match": 0.0, "end_time_match": 0.0, "avg_time_match": 0.0}, "53": {"start_time_match": 0.0, "end_time_match": 0.0, "avg_time_match": 0.0}, "54": {"start_time_match": 0.0, "end_time_match": 0.0, "avg_time_match": 0.0}, "55": {"start_time_match": 0.6091955272463396, "end_time_match": 0.04776147150338682, "avg_time_match": 0.5530521216720444}, "56": {"start_time_match": 0.0, "end_time_match": 0.0, "avg_time_match": 0.0}, "57": {"start_time_match": 0.0, "end_time_match": 0.0, "avg_time_match": 0.0}, "58": {"start_time_match": 0.0, "end_time_match": 0.0, "avg_time_match": 0.0}, "59": {"start_time_match": 0.0, "end_time_match": 0.0, "avg_time_match": 0.0}, "60": {"start_time_match": 0.5374368576610078, "end_time_match": 0.0003287463753777518, "avg_time_match": 0.4837260465324448}, "61": {"start_time_match": 0.0, "end_time_match": 0.0, "avg_time_match": 0.0}, "62": {"start_time_match": 0.0, "end_time_match": 0.0, "avg_time_match": 0.0}, "63": {"start_time_match": 0.0, "end_time_match": 0.0, "avg_time_match": 0.0}, "64": {"start_time_match": 0.0, "end_time_match": 0.0, "avg_time_match": 0.0}, "65": {"start_time_match": 0.2981972794298874, "end_time_match": 6.178325918417368e-36, "avg_time_match": 0.2683775514868987}, "66": {"start_time_match": 0.0, "end_time_match": 0.0, "avg_time_match": 0.0}, "67": {"start_time_match": 0.0, "end_time_match": 0.0, "avg_time_match": 0.0}, "68": {"start_time_match": 0.0, "end_time_match": 0.0, "avg_time_match": 0.0}, "69": {"start_time_match": 0.9384703654116955, "end_time_match": 2.1116105072910364e-10,